Run number,cpu,mem
1,85.0,156904.77064220182
2,0.9000000000000012,157461.54545454544
3,22.0,158125.62037037036
