Run number,cpu,mem
1,32.20098039215685,174725.92156862744
2,85.0,175722.38383838383
3,4.300000000000008,176113.5922330097
