Run number,cpu,mem
1,7.09999999999998,345348.56221198157
2,0.1,337318.97905759164
3,13.51105263157893,338726.06842105265
