Run number,cpu,mem
1,16.309734513274336,177715.45575221238
2,31.38131868131871,175922.4945054945
3,8.723333333333333,176701.25
