Run number,cpu,mem
1,17.668932038834924,176992.78640776698
2,17.519230769230752,174966.01923076922
3,22.0,176541.79047619048
