Run number,cpu,mem
1,50.798974358974355,244565.58974358975
2,29.205050505050508,247745.5909090909
3,22.0,245591.50256410256
