Run number,cpu,mem
1,17.628793774319046,161358.45136186772
2,0.10000000000000031,159139.30737704918
3,0.10000000000000031,161067.10288065844
