F1_SCORE_1,F1_SCORE_2,TRUE_POSITIVE,FALSE_POSITIVE,FALSE_NEGATIVE
0.011730205278592374,0.011730205278592375,2,0,337
