Run number,cpu,mem
1,20.145508982035924,165832.41616766466
2,29.017964071856298,164681.5239520958
3,17.18452380952381,164980.79464285713
