Run number,cpu,mem
1,28.0,333156.02173913043
2,22.46632653061226,339505.03571428574
3,4.299999999999987,340168.95360824745
