Run number,cpu,mem
1,21.40421052631576,332893.6736842105
2,20.099999999999973,337922.4157894737
3,0.0,339537.10101010103
