Run number,cpu,mem
1,7.099999999999952,165678.47922437673
2,20.146107784431138,165362.06886227545
3,20.495575221238937,164322.21828908555
