Run number,cpu,mem
1,84.08561151079138,156404.76978417265
2,23.30238095238095,156594.66666666666
3,24.679133858267726,155721.031496063
