Run number,cpu,mem
1,85.0,159812.01265822785
2,0.9000000000000037,160773.23456790124
3,21.19344262295088,160870.05327868852
