Run number,cpu,mem
1,21.583941605839417,155710.48540145985
2,28.0,154683.9885496183
3,22.58686131386862,155224.1094890511
