Run number,cpu,mem
1,18.591764705882362,163544.76470588235
2,4.299999999999979,163153.90384615384
3,22.0,162582.80681818182
