Run number,cpu,mem
1,6.807589285714286,241313.98660714287
2,28.0,235539.66826923078
3,38.51626794258376,236947.11483253588
