F1_SCORE_1,F1_SCORE_2,TRUE_POSITIVE,FALSE_POSITIVE,FALSE_NEGATIVE
0.012903225806451613,0.012903225806451613,2,0,306
