F1_SCORE_1,F1_SCORE_2,TRUE_POSITIVE,FALSE_POSITIVE,FALSE_NEGATIVE
0.011560693641618497,0.011560693641618497,2,0,342
