Run number,cpu,mem
1,0.9000000000000038,163220.86590038316
2,14.224621212121196,162846.14393939395
3,21.629213483146067,163172.41947565542
