Run number,cpu,mem
1,0.0,177622.93846153846
2,0.9000000000000029,176105.02339181287
3,0.7034482758620694,176984.13218390805
