F1_SCORE_1,F1_SCORE_2,TRUE_POSITIVE,FALSE_POSITIVE,FALSE_NEGATIVE
0.012944983818770227,0.012944983818770227,2,0,305
