Run number,cpu,mem
1,64.86512820512822,243516.75897435896
2,4.299999999999987,245674.1846153846
3,0.0,247349.8112244898
