Run number,cpu,mem
1,7.099999999999983,179048.45971563982
2,21.1654970760234,175548.63157894736
3,16.36954022988507,176326.9195402299
