F1_SCORE_1,F1_SCORE_2,TRUE_POSITIVE,FALSE_POSITIVE,FALSE_NEGATIVE
0.01146131805157593,0.011461318051575931,2,0,345
