Run number,cpu,mem
1,18.367251461988307,162478.0994152047
2,18.726392961876833,162238.77126099708
3,0.0,162647.51488095237
